name,tags,time,data,new_id,old_id
change,,1733426768000000000,1,y3151,vid
change,,1733427491000000000,1,y1895,vid
change,,1733429485000000000,1,y3295,vid
change,,1733430694000000000,1,y3262,vid
change,,1733431085000000000,1,y3263,vid
change,,1733432052000000000,1,y3230,vid
change,,1733434078000000000,1,y3243,vid
change,,1733434228000000000,1,y1843,vid
change,,1733434258000000000,1,y1913,vid
change,,1733434321000000000,1,y1905,vid
change,,1733436326000000000,1,y1920,vid
change,,1733436677000000000,1,y3147,vid
change,,1733436980000000000,1,y1916,vid
change,,1733438096000000000,1,y1832,vid
change,,1733439227000000000,1,y1890,vid
change,,1733439334000000000,1,y1911,vid
change,,1733439788000000000,1,y1882,vid
change,,1733447763000000000,1,y1802,vid
change,,1733448035000000000,1,y3159,vid
change,,1733448410000000000,1,y1829,vid
change,,1733859116000000000,1,y1906,vid
change,,1733859129000000000,1,y1906,vid
change,,1733860159000000000,1,y3287,y3253
change,,1733860307000000000,1,y3288,y3203
change,,1733860930000000000,1,y1906,y1884
change,,1733862920000000000,1,y3158,y1928
change,,1733863616000000000,1,y3287,y3265
change,,1733865808000000000,1,y3295,y3287
change,,1733865959000000000,1,y3116,y3158
change,,1733868920000000000,1,y1906,y1832
change,,1733869129000000000,1,y1875,y1896
change,,1733870776000000000,1,y1899,y1852
change,,1733871230000000000,1,y1871,y1906
change,,1733872614000000000,1,y1877,y3295
change,,1733874147000000000,1,y1863,y1871
change,,1733877825000000000,1,y1883,y1899
change,,1733879204000000000,1,y3118,y3116
change,,1733880134000000000,1,y1817,y1883
change,,1733880466000000000,1,y1871,y1863
change,,1733880589000000000,1,y1804,y1871
change,,1733880620000000000,1,y1877,y3265
change,,1733882010000000000,1,y1909,y1875
change,,1733882169000000000,1,y1871,y1804
change,,1733882808000000000,1,y1883,y1817
change,,1733889754000000000,1,y3156,y1928
change,,1733890747000000000,1,y3257,y3265
change,,1733890939000000000,1,y1818,y1896
change,,1733890968000000000,1,y1805,y1832
change,,1733891002000000000,1,y3277,y1852
change,,1733892814000000000,1,y3236,y3257
change,,1733905918000000000,1,y1875,y1805
change,,1733906402000000000,1,y3158,y3156
change,,1733908007000000000,1,y3289,y3236
change,,1733909048000000000,1,y3270,y1818
change,,1733909841000000000,1,y3295,y3277
change,,1733912637000000000,1,y3288,y3295
change,,1733913354000000000,1,y3294,y3289
change,,1733914425000000000,1,y2102,y3158
change,,1733915033000000000,1,y2098,y2102
change,,1733915641000000000,1,y1924,y1875
change,,1733917100000000000,1,y2085,y2098
change,,1733918073000000000,1,y2050,y2085
change,,1733918406000000000,1,y3264,y3270
change,,1733921599000000000,1,y3120,y2050
change,,1733922834000000000,1,y3289,y3294
change,,1733923058000000000,1,y3240,y1924
change,,1733930353000000000,1,y3158,y3120
change,,1733934851000000000,1,y3286,y3240
change,,1733935945000000000,1,y3155,y3158
change,,1733936880000000000,1,y3270,y3264
change,,1733936935000000000,1,y3288,y3289
change,,1733939591000000000,1,y3132,y3155
change,,1733941809000000000,1,y3293,y3288
change,,1733941920000000000,1,y3276,y3288
change,,1733943845000000000,1,y1905,y3286
change,,1733944415000000000,1,y3277,y3270
change,,1733945445000000000,1,y3244,y3276
change,,1733946794000000000,1,y3269,y3293
change,,1733947147000000000,1,y3239,y3244
change,,1733947248000000000,1,y1902,y1905
change,,1733948606000000000,1,y3240,y3239
change,,1733948618000000000,1,y3257,y3269
change,,1733950287000000000,1,y2078,y3132
change,,1733950491000000000,1,y1917,y3277
change,,1733951050000000000,1,y1841,y3257
change,,1733952596000000000,1,y1897,y1902
change,,1733955027000000000,1,y3140,y2078
change,,1733955668000000000,1,y1901,y1841
change,,1733957297000000000,1,y1883,y1917
change,,1733957963000000000,1,y1903,y3240
change,,1733958634000000000,1,y1863,y1883
change,,1733959036000000000,1,y1911,y1897
change,,1733959364000000000,1,y1883,y1863
change,,1733960374000000000,1,y3127,y3140
change,,1733962403000000000,1,y1840,y1883
change,,1733964282000000000,1,y1825,y1903
change,,1733965600000000000,1,y2083,y3127
change,,1733965741000000000,1,y1785,y1825
change,,1733966087000000000,1,y2050,y2083
change,,1733966239000000000,1,y1873,y1901
change,,1733966813000000000,1,y1869,y1911
change,,1733966969000000000,1,y1850,y1873
change,,1733968029000000000,1,y1837,y1869
change,,1733968914000000000,1,y1873,y1850
change,,1733975742000000000,1,y3156,y1928
change,,1733976465000000000,1,y3288,y3265
change,,1733977273000000000,1,y1808,y1832
change,,1733977346000000000,1,y1805,y1896
change,,1733977527000000000,1,y3243,y1852
change,,1733991054000000000,1,y3158,y3156
change,,1733992347000000000,1,y1898,y1808
change,,1733994332000000000,1,y3277,y3288
change,,1733995718000000000,1,y3268,y1805
change,,1733996486000000000,1,y3295,y3243
change,,1733996642000000000,1,y3270,y3277
change,,1733999032000000000,1,y1903,y1898
change,,1733999682000000000,1,y3288,y3270
change,,1733999926000000000,1,y2104,y3158
change,,1734001917000000000,1,y3236,y3268
change,,1734002922000000000,1,y1882,y1903
change,,1734003291000000000,1,y3286,y3295
change,,1734004834000000000,1,y3275,y3236
change,,1734005274000000000,1,y2066,y2104
change,,1734006123000000000,1,y3291,y3288
change,,1734006414000000000,1,y3268,y3275
change,,1734007023000000000,1,y3252,y3268
change,,1734009940000000000,1,y3236,y3252
change,,1734010214000000000,1,y3278,y1882
change,,1734010987000000000,1,y3158,y2066
change,,1734011350000000000,1,y3270,y3291
change,,1734013621000000000,1,y3295,y3286
change,,1734018726000000000,1,y3291,y3295
change,,1734022823000000000,1,y3268,y3236
change,,1734023749000000000,1,y3269,y3270
change,,1734025411000000000,1,y3295,y3291
change,,1734030551000000000,1,y3150,y3158
change,,1734031038000000000,1,y3220,y3269
change,,1734032903000000000,1,y3236,y3268
change,,1734033467000000000,1,y3275,y3220
change,,1734034879000000000,1,y1862,y3278
change,,1734034894000000000,1,y3286,y3295
change,,1734036986000000000,1,y2116,y3150
change,,1734037232000000000,1,y3218,y3275
change,,1734037808000000000,1,y3240,y3286
change,,1734038659000000000,1,y3230,y3240
change,,1734038781000000000,1,y1898,y3230
change,,1734039297000000000,1,y3220,y3218
change,,1734042085000000000,1,y3139,y2116
change,,1734043516000000000,1,y1899,y1898
change,,1734045246000000000,1,y1898,y3220
change,,1734046136000000000,1,y1868,y3236
change,,1734046334000000000,1,y3143,y3139
change,,1734050341000000000,1,y3139,y3143
change,,1734050953000000000,1,y1886,y1898
change,,1734052328000000000,1,y1860,y1868
change,,1734052527000000000,1,y3143,y3139
change,,1734052621000000000,1,y1880,y1899
change,,1734053211000000000,1,y1918,y1862
change,,1734054490000000000,1,y3143,y1928
change,,1734055342000000000,1,y1868,y1896
change,,1734055364000000000,1,y1868,y1860
